{"total_params": 263360, "gops_soft": 0.06484992, "gops_hard": 0.064841762}