{"total_params": 263360, "gops_soft_est": 0.050169856, "gops_hard_actual": 0.041603573916666664}