{"total_params": 82912, "gops_soft_est": 0.054368256, "gops_hard_actual": 0.04303319210925294}