{"ACC_SOFT_TEST": 38.35, "ACC_HARD_BN_CALIB_TEST": 24.23, "params": 263360, "gops_soft": 0.06484992, "gops_hard": 0.064839969}