{"ACC_SOFT_TEST": 82.06, "ACC_HARD_BN_CALIB_TEST": 23.03, "params": 263360, "gops_soft": 0.06484992, "gops_hard": 0.064839954}