{"total_params": 72704, "gops_soft_est": 0.018520064, "gops_hard_actual": 0.009643654396891278}