{
  "total_params": 263360,
  "gops_soft": 0.06484992,
  "gops_hard": 0.064841762,
  "params": 263360,
  "params_M": 0.263,
  "GOPs_soft": 0.0648,
  "GOPs_hard_est": 0.0648,
  "lbp_ops": 2523136,
  "rp_ops_2macs": 163751378,
  "conv_ops_2macs": 550043648,
  "linear_ops_2macs": 1554432,
  "total_ops": 717872594,
  "GOPs_hard_data": 0.717873,
  "alive_means": [
    0.7778,
    0.6305,
    0.3407,
    0.7775,
    0.6305,
    0.3408,
    0.7775,
    0.6299,
    0.3408,
    0.7782,
    0.6324,
    0.3409,
    0.7774,
    0.6309,
    0.3407,
    0.7785,
    0.6332,
    0.3406,
    0.7773,
    0.6299,
    0.3408,
    0.7776,
    0.6311,
    0.3406,
    0.7775,
    0.6302,
    0.3408,
    0.7776,
    0.6303,
    0.3408,
    0.7777,
    0.6308,
    0.3406
  ],
  "per_image": true,
  "batch_size_used": 32,
  "stem_conv_ops_2macs_per_image": 645120,
  "rp_conv_ops_2macs_per_image_list": [
    262144,
    131072,
    524288
  ],
  "linear_ops_2macs_per_image": 4416,
  "lbp_ops_per_image": 7168,
  "alive_list": [
    0.7796,
    0.622,
    0.3466
  ],
  "total_ops_soft_per_image": 1574208,
  "GOPs_soft_per_image": 0.001574,
  "total_ops_hard_per_image": 1124295,
  "GOPs_hard_per_image": 0.001124,
  "best_epoch": 186,
  "best_val": 85.15999989013672,
  "best_tau": 1.5673701852517126,
  "TEST_SOFT_tau_best": 84.21,
  "TEST_HARD_BN_tau_best": 14.92
}